Districts,Education,Health,Connectivity,Utilities,Government_Facilities
Dhanbad,0.5633074046437123,0.6622001239876234,0.5016855625032146,0.5183931285841322,0.6166305048077155
