Districts,Education,Health,Connectivity,Utilities,Government_Facilities
Dhanbad,0.6181886779453073,0.7035427684413724,0.5502006065603486,0.5711034450573726,0.6347719277220512
