Districts,Education,Health,Connectivity,Utilities,Government_Facilities
Dhanbad,0.719132938091823,0.5582215621664268,0.5129839180205278,0.39447424065675907,0.505977552746474
