Districts,Education,Health,Connectivity,Utilities,Government_Facilities
Dhanbad,1.6042780748663104,1.06951871657754,1.6042780748663104,0.0,2.6737967914438503
