Districts,Education,Health,Connectivity,Utilities,Government_Facilities
Dhanbad,0.35753886418494196,0.3788535056770546,0.36918770798243444,0.3653774844440331,0.35982865858860086
