Districts,Education,Health,Connectivity,Utilities,Government_Facilities
Dhanbad,0.9539476965773257,2.307442772625212,11.146284099900086,3.681187287936529,2.2799829844891586
