Districts,Education,Health,Connectivity,Utilities,Government_Facilities
Dhanbad,1.1663843438789108,2.731080655490495,12.977091516772886,4.8371518847914325,2.6435647589754976
