Districts,Education,Health,Connectivity,Utilities,Government_Facilities
Dhanbad,0.48396889193319076,0.6441283940817664,0.6818708635640794,0.6345391941208819,0.5417408692559021
