Districts,Education,Health,Connectivity,Utilities,Government_Facilities
Dhanbad,0.356047317953817,0.3446823621960552,0.35848991703084065,0.3506669091070842,0.35660164585465726
