Districts,Education,Health,Connectivity,Utilities,Government_Facilities
Dhanbad,0.38174709557973996,0.38814308198528324,0.42133634223382965,0.38525259580704024,0.39019073724226105
