Districts,Education,Health,Connectivity,Utilities,Government_Facilities
Dhanbad,0.4470363101671282,0.6895282962533812,0.7500000000000001,0.6299237683467972,0.6478950913340054
