Districts,Education,Health,Connectivity,Utilities,Government_Facilities
Dhanbad,1.71990171990172,1.1466011466011465,0.0,1.4742014742014742,2.620802620802621
