Districts,Education,Health,Connectivity,Utilities,Government_Facilities
Dhanbad,3.8335158817086525,2.08105147864184,0.43811610076670315,2.628696604600219,4.381161007667032
