Districts,Education,Health,Connectivity,Utilities,Government_Facilities
Dhanbad,0.6496127333638182,1.6508178643662177,5.357691426445718,2.6461455087378347,1.4727593266469416
