Districts,Education,Health,Connectivity,Utilities,Government_Facilities
Dhanbad,0.4616744912086662,0.6501049238107969,0.6927971874313337,0.6224780103953395,0.49911124068427437
