Districts,Education,Health,Connectivity,Utilities,Government_Facilities
Jamui,0.4215451677776984,0.553205510743658,0.0,0.6520903203423153,0.4841788789947956
