Districts,Education,Health,Connectivity,Utilities,Government_Facilities
Jamui,0.5745101011485968,0.6556206705040037,0.5276191266968937,0.5951740220868692,0.5538396505348862
