Districts,Education,Health,Connectivity,Utilities,Government_Facilities
Jamui,0.4384100800677455,0.571199369955286,0.7623053971338507,0.5319259626274065,0.482099097254907
