Districts,Education,Health,Connectivity,Utilities,Government_Facilities
Jamui,6.008583690987124,7.65379113018598,0.5007153075822603,5.793991416309012,3.5765379113018603
