Districts,Education,Health,Connectivity,Utilities,Government_Facilities
Jamui,0.41734084066188903,0.39627618054824304,0.37543584119503404,0.3788282349576569,0.37094573739417125
