Districts,Education,Health,Connectivity,Utilities,Government_Facilities
Jamui,4.905523255813953,4.578488372093023,0.0,3.7427325581395348,2.6526162790697674
