Districts,Education,Health,Connectivity,Utilities,Government_Facilities
Jamui,0.12462221485303755,0.17532044102846026,0.7783521728487494,0.643383644937533,0.2540430002591225
