Districts,Education,Health,Connectivity,Utilities,Government_Facilities
Jamui,0.36554268964861797,0.5438595682246009,0.72925705464794,0.4979034828820236,0.4485332981229846
