Districts,Education,Health,Connectivity,Utilities,Government_Facilities
Jamui,1.804373720609307,4.400804895868451,19.264552978490098,6.451877343308629,4.246778799264229
