Districts,Education,Health,Connectivity,Utilities,Government_Facilities
Jamui,1.130125095090984,3.215811436161129,15.59531665803522,5.282353191652757,3.3647337140352938
