Districts,Education,Health,Connectivity,Utilities,Government_Facilities
Jamui,0.4181770924780884,0.3790767372565209,0.3638472654559837,0.35998270044927594,0.3625770936171372
