Districts,Education,Health,Connectivity,Utilities,Government_Facilities
Jamui,0.03813239861989979,0.42404514840801116,0.25868516421966486,0.3658251162212065,0.23997634570253798
