Districts,Education,Health,Connectivity,Utilities,Government_Facilities
Bokaro,0.6232816283106339,0.6923127216914313,0.40739993559389565,0.529038001635357,0.6018167709383786
