Districts,Education,Health,Connectivity,Utilities,Government_Facilities
Bokaro,0.6454595223837477,0.6777516896393029,0.43243076451891926,0.5762546314394277,0.6013414859176611
