Districts,Education,Health,Connectivity,Utilities,Government_Facilities
Bokaro,0.569022758413658,0.5956514348122739,0.12900471279921608,0.5246912118514028,0.5827537467112055
