Districts,Education,Health,Connectivity,Utilities,Government_Facilities
Bokaro,0.9990127995834752,2.5394251648672386,10.106728649319388,3.274249309978021,2.668125008397627
