Districts,Education,Health,Connectivity,Utilities,Government_Facilities
Bokaro,0.5536648687811947,0.7035901045856797,0.7260208012326657,0.6456818181818181,0.6900566221218395
