Districts,Education,Health,Connectivity,Utilities,Government_Facilities
Bokaro,2.941176470588235,1.5047879616963065,2.2571819425444595,1.9835841313269493,2.188782489740082
