Districts,Education,Health,Connectivity,Utilities,Government_Facilities
Bokaro,0.8855412124374312,2.3563864146302347,5.9000637841890535,3.1412377770564683,2.1574795490677747
