Districts,Education,Health,Connectivity,Utilities,Government_Facilities
Bokaro,0.3857268693708806,0.354869635983586,0.34318725005130446,0.3569636464288031,0.36051351011467864
