Districts,Education,Health,Connectivity,Utilities,Government_Facilities
Bokaro,0.40394352756903745,0.5972013909894398,0.6357462085910361,0.5306680134032083,0.5186038695407639
