Districts,Education,Health,Connectivity,Utilities,Government_Facilities
Bokaro,0.35534720555647376,0.35358556145002856,0.40571611021267007,0.3527691512158974,0.35037834799655687
