Districts,Education,Health,Connectivity,Utilities,Government_Facilities
Bokaro,0.39201529495158743,0.5938229434639022,0.6081326306479863,0.522427174369346,0.5136714068195388
