Districts,Education,Health,Connectivity,Utilities,Government_Facilities
Bokaro,1.3947190805842389,3.3369859671393387,11.663371074388502,4.409089271978768,3.6903895335277017
