Districts,Education,Health,Connectivity,Utilities,Government_Facilities
Bokaro,0.42927906590766746,0.45600015740093525,0.4006452606350238,0.4522504237037328,0.3856174442293567
