Districts,Education,Health,Connectivity,Utilities,Government_Facilities
Bokaro,5.109797297297297,3.9695945945945943,0.6334459459459459,3.8429054054054057,4.391891891891892
