Districts,Education,Health,Connectivity,Utilities,Government_Facilities
Dhubri,0.5642842463142808,0.5578179730536241,0.6292478968682802,0.4120607023661979,0.6188294069621069
