Districts,Education,Health,Connectivity,Utilities,Government_Facilities
Dhubri,0.6621788670321401,0.631045626839702,0.0,0.31122712023536364,0.8280539006903505
