Districts,Education,Health,Connectivity,Utilities,Government_Facilities
Dhubri,0.4328989966125405,0.3649205950937111,0.354291939118588,0.3638848577017048,0.3386537479590387
