Districts,Education,Health,Connectivity,Utilities,Government_Facilities
Dhubri,1.2850534630033081,3.418069299021935,8.989786361806141,5.482320830776996,3.292766733148163
