Districts,Education,Health,Connectivity,Utilities,Government_Facilities
Dhubri,0.40129547047108327,0.4593642136767821,0.6596417450644302,0.4372631982219268,0.473262000943242
