Districts,Education,Health,Connectivity,Utilities,Government_Facilities
Dhubri,0.3474662179212734,0.40074715413636847,0.5678185448966823,0.3906019672302718,0.4056825501099322
