Districts,Education,Health,Connectivity,Utilities,Government_Facilities
Dhubri,1.3214680670934438,3.357184033395372,11.181793442158941,4.641631305381412,3.438949659462819
