Districts,Education,Health,Connectivity,Utilities,Government_Facilities
Dhubri,0.4545912483698729,0.3932290835246304,0.35682347458082003,0.32671646849157465,0.3645383626901686
