Districts,Education,Health,Connectivity,Utilities,Government_Facilities
Dhubri,2.891025088542414,5.711086725221723,13.095852847503538,5.776670484792477,5.004954935816622
