Districts,Education,Health,Connectivity,Utilities,Government_Facilities
Dhubri,0.7108513647832403,0.8534737620103473,0.991130820399113,0.8720340494940999,0.8756218273305422
