Districts,Education,Health,Connectivity,Utilities,Government_Facilities
Dhubri,0.3277179346641575,0.3556792754574096,0.2225157141939356,0.2533448232842914,0.3025344628276157
