Districts,Education,Health,Connectivity,Utilities,Government_Facilities
Dhubri,7.523204689789936,3.859306301905227,6.008793356130923,3.56619443087445,1.8075232046897898
