Districts,Education,Health,Connectivity,Utilities,Government_Facilities
Dhubri,8.713272543059777,5.673758865248227,0.8611955420466059,2.330293819655522,3.546099290780142
