Districts,Education,Health,Connectivity,Utilities,Government_Facilities
Hardoi,0.43081532677650336,0.5407651736316349,0.5682894724409392,0.3435604956413748,0.6493793284373118
