Districts,Education,Health,Connectivity,Utilities,Government_Facilities
Hardoi,0.5505212774747723,0.6677073400728359,0.4469496620973387,0.5057810492355332,0.584323773610226
