Districts,Education,Health,Connectivity,Utilities,Government_Facilities
Hardoi,0.5110003586160907,0.6943420275667156,0.5609622506457536,0.49645500669166337,0.6929985842172317
