Districts,Education,Health,Connectivity,Utilities,Government_Facilities
Hardoi,0.5980651629072682,0.7060626029654036,0.8200000000000001,0.6797647058823529,0.7675728155339806
