Districts,Education,Health,Connectivity,Utilities,Government_Facilities
Hardoi,0.3169265034174516,0.31129834345233,0.3544293192860811,0.29937010467332287,0.2862008156000939
