Districts,Education,Health,Connectivity,Utilities,Government_Facilities
Hardoi,1.4391031777590528,3.974934931402507,14.171034529901176,4.501552381663398,3.9380943975752665
