Districts,Education,Health,Connectivity,Utilities,Government_Facilities
Hardoi,1.6712580348943986,2.3875114784205693,0.11019283746556473,0.6795224977043159,0.6060606060606061
