Districts,Education,Health,Connectivity,Utilities,Government_Facilities
Hardoi,1.4872404986661665,4.10048135802795,17.944774271297536,4.825837340519708,4.277195949686643
