Districts,Education,Health,Connectivity,Utilities,Government_Facilities
Hardoi,2.0431045579403917,3.679098651892966,10.014084972054702,5.204602041792527,3.645491585859186
