Districts,Education,Health,Connectivity,Utilities,Government_Facilities
Hardoi,0.2909739037133292,0.5249477031299811,0.7613955433894242,0.4204914840237731,0.42750520011276294
