Districts,Education,Health,Connectivity,Utilities,Government_Facilities
Hardoi,1.9887429643527206,2.2138836772983113,3.227016885553471,1.0881801125703565,1.0131332082551596
