Districts,Education,Health,Connectivity,Utilities,Government_Facilities
Hardoi,0.33503665418824996,0.3472826861143553,0.39403373682141896,0.3262568977224536,0.3191757524862512
