Districts,Education,Health,Connectivity,Utilities,Government_Facilities
Hardoi,0.3245657703444462,0.5917069224622407,0.6869906367536048,0.42850328200370347,0.5093652049072827
