Districts,Education,Health,Connectivity,Utilities,Government_Facilities
Hardoi,0.5020212937380019,0.5486237204509304,0.45317103769615996,0.5358066689858957,0.53441611759323
